Role,Role Description,Responsibility,Module,Submodule,Feature,Data Scope,Permission,Approval / Authority Level,Workflow Action,Access Condition,Source / Evidence,Confidence,Notes
Staf Pendaftaran (Antrian),Mengelola proses admisi pendaftaran pasien rawat jalan dan memantau serta memanggil antrian loket pendaftaran.,"Melakukan pencarian data pasien, mendaftarkan pasien baru dan lama walk-in, memvalidasi identitas dan penjamin, memilih jadwal dokter dan poliklinik tujuan, mencetak tiket antrian dan bukti pendaftaran, serta mengelola pemanggilan antrian loket.",Registration,Patient Registration,Patient Search & Identification,Outpatient-wide,Search Patient,Staff,"Search patient by NIK, MRN, or patient name",None,"Registration Desk Workspace, Section 1 Pasien (#patient-search-input & tombol Cari)",High,"Pencarian cepat menggunakan NIK 16 digit, nomor rekam medis (MRN), atau nama pasien untuk identifikasi awal."
Staf Pendaftaran (Antrian),Mengelola proses admisi pendaftaran pasien rawat jalan dan memantau serta memanggil antrian loket pendaftaran.,"Melakukan pencarian data pasien, mendaftarkan pasien baru dan lama walk-in, memvalidasi identitas dan penjamin, memilih jadwal dokter dan poliklinik tujuan, mencetak tiket antrian dan bukti pendaftaran, serta mengelola pemanggilan antrian loket.",Registration,Patient Registration,Patient Identity Verification,Current Patient,Read Patient,Verification,Verify patient demographic identity and validate duplicate NIK warning,Patient search results returned,"Registration Desk Workspace, Warning Panel Duplicate Warning (#3201234567890001)",High,Mencegah duplikasi rekam medis apabila NIK 16 digit sudah terdaftar atas nama pasien yang memiliki MRN aktif.
Staf Pendaftaran (Antrian),Mengelola proses admisi pendaftaran pasien rawat jalan dan memantau serta memanggil antrian loket pendaftaran.,"Melakukan pencarian data pasien, mendaftarkan pasien baru dan lama walk-in, memvalidasi identitas dan penjamin, memilih jadwal dokter dan poliklinik tujuan, mencetak tiket antrian dan bukti pendaftaran, serta mengelola pemanggilan antrian loket.",Registration,Patient Registration,Patient Master Form,Current Patient,Create Patient Registration,Staff,Register new patient master data into system,Patient not found in master database or new patient option selected,Modal Form Pasien Baru Walk-in (#modal-new-patient) form submitNewPatient(),High,"Menginput NIK 16 digit, nama lengkap sesuai KTP, jenis kelamin, tanggal lahir, kontak, dan penjamin awal."
Staf Pendaftaran (Antrian),Mengelola proses admisi pendaftaran pasien rawat jalan dan memantau serta memanggil antrian loket pendaftaran.,"Melakukan pencarian data pasien, mendaftarkan pasien baru dan lama walk-in, memvalidasi identitas dan penjamin, memilih jadwal dokter dan poliklinik tujuan, mencetak tiket antrian dan bukti pendaftaran, serta mengelola pemanggilan antrian loket.",Registration,Patient Registration,Clinic & Doctor Routing,Outpatient-wide,Update Patient Registration,Staff,Assign destination polyclinic and practicing doctor,Patient identity verified,"Registration Desk Workspace, Section 2 Poli & Dokter (#poli-select, #dokter-select)",High,"Menampilkan jadwal praktik dokter, ruang poliklinik, dan indikator sisa kuota antrian hari ini."
Staf Pendaftaran (Antrian),Mengelola proses admisi pendaftaran pasien rawat jalan dan memantau serta memanggil antrian loket pendaftaran.,"Melakukan pencarian data pasien, mendaftarkan pasien baru dan lama walk-in, memvalidasi identitas dan penjamin, memilih jadwal dokter dan poliklinik tujuan, mencetak tiket antrian dan bukti pendaftaran, serta mengelola pemanggilan antrian loket.",Registration,Patient Registration,Payer & Eligibility Verification,Current Patient,Verify,Verification,Select payment scheme and record insurance or BPJS membership number,Destination clinic selected,"Registration Desk Workspace, Section 3 Penjamin (#guarantor_type, #guarantor-number)",High,"Memverifikasi skema pembayaran (Umum, BPJS Kesehatan, Asuransi Swasta) dan nomor kepesertaan."
Staf Pendaftaran (Antrian),Mengelola proses admisi pendaftaran pasien rawat jalan dan memantau serta memanggil antrian loket pendaftaran.,"Melakukan pencarian data pasien, mendaftarkan pasien baru dan lama walk-in, memvalidasi identitas dan penjamin, memilih jadwal dokter dan poliklinik tujuan, mencetak tiket antrian dan bukti pendaftaran, serta mengelola pemanggilan antrian loket.",Registration,Patient Registration,Walk-in Registration Form,Current Patient,Register,Staff,Register walk-in visit and create active Outpatient Visit,"Patient, polyclinic, doctor, and payer data completed","Registration Desk Workspace, Sticky Summary Card & Button #btn-register confirmRegistration()",High,Menginisiasi entitas Outpatient Visit dengan status WAITING_TRIAGE dan mencatat timestamp checkedInAt.
Staf Pendaftaran (Antrian),Mengelola proses admisi pendaftaran pasien rawat jalan dan memantau serta memanggil antrian loket pendaftaran.,"Melakukan pencarian data pasien, mendaftarkan pasien baru dan lama walk-in, memvalidasi identitas dan penjamin, memilih jadwal dokter dan poliklinik tujuan, mencetak tiket antrian dan bukti pendaftaran, serta mengelola pemanggilan antrian loket.",Registration,Patient Registration,Appointment Check-in,Current Patient,Check-in,Staff,Check-in existing appointment booking code and generate outpatient visit,Patient appointment booking exists,Top Service Tab tab-reg-checkin (1.4 Check-in Booking) & docs/system-hierarchy.md §3.2,High,Memvalidasi kehadiran pasien yang telah melakukan reservasi/booking janji temu sebelumnya.
Staf Pendaftaran (Antrian),Mengelola proses admisi pendaftaran pasien rawat jalan dan memantau serta memanggil antrian loket pendaftaran.,"Melakukan pencarian data pasien, mendaftarkan pasien baru dan lama walk-in, memvalidasi identitas dan penjamin, memilih jadwal dokter dan poliklinik tujuan, mencetak tiket antrian dan bukti pendaftaran, serta mengelola pemanggilan antrian loket.",Queue,Queue Management,Queue Ticket Printing,Assigned Queue,Print,Staff,Print thermal queue ticket for triage station,Walk-in registration successfully confirmed,"Modal Pendaftaran Berhasil (#success-modal), #ticket-modal-number, printThermalTicket()",High,Mencetak tiket antrian fisik triase dengan nomor antrian berformat prefix stasiun poli (misal T-014 atau A-001).
Staf Pendaftaran (Antrian),Mengelola proses admisi pendaftaran pasien rawat jalan dan memantau serta memanggil antrian loket pendaftaran.,"Melakukan pencarian data pasien, mendaftarkan pasien baru dan lama walk-in, memvalidasi identitas dan penjamin, memilih jadwal dokter dan poliklinik tujuan, mencetak tiket antrian dan bukti pendaftaran, serta mengelola pemanggilan antrian loket.",Registration,Patient Registration,Registration Slip Printout,Current Patient,Print,Staff,Print official outpatient registration proof slip,Outpatient visit registered,Action button printBuktiPendaftaran() & Modal Print Preview (#modal-print-preview),High,"Mencetak slip bukti pendaftaran rawat jalan resmi yang mencantumkan identitas pasien, poli, dokter, dan waktu pendaftaran."
Staf Pendaftaran (Antrian),Mengelola proses admisi pendaftaran pasien rawat jalan dan memantau serta memanggil antrian loket pendaftaran.,"Melakukan pencarian data pasien, mendaftarkan pasien baru dan lama walk-in, memvalidasi identitas dan penjamin, memilih jadwal dokter dan poliklinik tujuan, mencetak tiket antrian dan bukti pendaftaran, serta mengelola pemanggilan antrian loket.",Queue,Queue Management,Recent Outpatient Visits Queue,Outpatient-wide,Read,Staff,"Monitor active outpatient queues filtered by clinic, doctor, and status",None,Section 4 Live Outpatient Visits Table (#registration-visits-table-container),High,Menampilkan pemantauan antrian langsung di loket pendaftaran untuk mengawasi status seluruh kunjungan hari ini.
Staf Pendaftaran (Antrian),Mengelola proses admisi pendaftaran pasien rawat jalan dan memantau serta memanggil antrian loket pendaftaran.,"Melakukan pencarian data pasien, mendaftarkan pasien baru dan lama walk-in, memvalidasi identitas dan penjamin, memilih jadwal dokter dan poliklinik tujuan, mencetak tiket antrian dan bukti pendaftaran, serta mengelola pemanggilan antrian loket.",Queue,Queue Management,Queue Calling (Audio Bell),Assigned Queue,Call,Staff,Call patient queue ticket with audio voice announcement,Ticket in active waiting status,"Action button callTicket(ticketNo, dept) in Recent Visits Table & Tab tab-qo-panggil",High,Mengeluarkan audio pemanggilan antrian (Web Speech API) yang tersinkronisasi ke Layar TV Display.
Staf Pendaftaran (Antrian),Mengelola proses admisi pendaftaran pasien rawat jalan dan memantau serta memanggil antrian loket pendaftaran.,"Melakukan pencarian data pasien, mendaftarkan pasien baru dan lama walk-in, memvalidasi identitas dan penjamin, memilih jadwal dokter dan poliklinik tujuan, mencetak tiket antrian dan bukti pendaftaran, serta mengelola pemanggilan antrian loket.",Queue,Queue Management,Queue Calling (Audio Bell),Assigned Queue,Call,Staff,Recall patient queue ticket when patient does not respond,Ticket has been called previously,Top Service Tab tab-qo-recall (action recallTicketDemo),High,Menambah counter pemanggilan ulang (call_count) pada tiket tanpa mengubah status antrian.
Staf Pendaftaran (Antrian),Mengelola proses admisi pendaftaran pasien rawat jalan dan memantau serta memanggil antrian loket pendaftaran.,"Melakukan pencarian data pasien, mendaftarkan pasien baru dan lama walk-in, memvalidasi identitas dan penjamin, memilih jadwal dokter dan poliklinik tujuan, mencetak tiket antrian dan bukti pendaftaran, serta mengelola pemanggilan antrian loket.",Queue,Queue Management,Queue Calling (Audio Bell),Assigned Queue,Update,Staff,Skip patient queue ticket when maximum recall exceeded,Patient called multiple times without response,Top Service Tab tab-qo-skip (action skipTicketDemo),High,Mengubah status tiket menjadi SKIPPED jika pasien tidak kunjung hadir di loket pendaftaran.
Staf Pendaftaran (Antrian),Mengelola proses admisi pendaftaran pasien rawat jalan dan memantau serta memanggil antrian loket pendaftaran.,"Melakukan pencarian data pasien, mendaftarkan pasien baru dan lama walk-in, memvalidasi identitas dan penjamin, memilih jadwal dokter dan poliklinik tujuan, mencetak tiket antrian dan bukti pendaftaran, serta mengelola pemanggilan antrian loket.",Queue,Queue Management,Recent Outpatient Visits Queue,Outpatient-wide,Read,Staff,Reset search and workstation filters on admission desk,Filter applied,Button resetRegQueueFilters() in registration table toolbar,High,Mengembalikan filter daftar antrian meja pendaftaran ke kondisi default semua poliklinik dan dokter.
Perawat,"Mengelola antrian triase, melakukan pemeriksaan tanda vital dan skrining awal, serta merutekan pasien ke poliklinik tujuan.","Memantau dan memanggil antrian triase stasiun, mengidentifikasi pasien, melakukan pengukuran tanda vital (TTV) dan penghitungan BMI, melakukan asesmen skrining awal (keluhan, risiko jatuh, skor nyeri, alergi), menetapkan klasifikasi triase ESI, dan mengirim hasil triase ke dokter atau eskalasi IGD.",Queue,Triage,Triage Station & Workstation Filter,Own Polyclinic,Read,Staff,Filter triage patient queue by clinic department and doctor,None,"Triage Workspace, Station Selector (#handleTriageDeptChange, #handleTriageDoctorChange)",High,Memungkinkan perawat memfokuskan antrian triase pada unit kerja poliklinik atau dokter tertentu.
Perawat,"Mengelola antrian triase, melakukan pemeriksaan tanda vital dan skrining awal, serta merutekan pasien ke poliklinik tujuan.","Memantau dan memanggil antrian triase stasiun, mengidentifikasi pasien, melakukan pengukuran tanda vital (TTV) dan penghitungan BMI, melakukan asesmen skrining awal (keluhan, risiko jatuh, skor nyeri, alergi), menetapkan klasifikasi triase ESI, dan mengirim hasil triase ke dokter atau eskalasi IGD.",Queue,Triage,Triage Queue List,Own Polyclinic,Read,Staff,View list of patients waiting for triage examination,Patient status WAITING_TRIAGE or IN_TRIAGE,"Triage Workspace, Antrian Triase Pasien (#triageQueue stream)",High,Menampilkan daftar nomor tiket dan identitas pasien yang menunggu pemeriksaan tanda vital di meja triase.
Perawat,"Mengelola antrian triase, melakukan pemeriksaan tanda vital dan skrining awal, serta merutekan pasien ke poliklinik tujuan.","Memantau dan memanggil antrian triase stasiun, mengidentifikasi pasien, melakukan pengukuran tanda vital (TTV) dan penghitungan BMI, melakukan asesmen skrining awal (keluhan, risiko jatuh, skor nyeri, alergi), menetapkan klasifikasi triase ESI, dan mengirim hasil triase ke dokter atau eskalasi IGD.",Queue,Triage,Queue Calling (Audio Bell),Assigned Queue,Call,Staff,Call patient queue ticket to nurse triage station,Patient status WAITING_TRIAGE,"Triage Workspace, Action button callTicket() on triage queue card",High,Memanggil nomor antrian pasien secara audio bell menuju Meja Triase Perawat.
Perawat,"Mengelola antrian triase, melakukan pemeriksaan tanda vital dan skrining awal, serta merutekan pasien ke poliklinik tujuan.","Memantau dan memanggil antrian triase stasiun, mengidentifikasi pasien, melakukan pengukuran tanda vital (TTV) dan penghitungan BMI, melakukan asesmen skrining awal (keluhan, risiko jatuh, skor nyeri, alergi), menetapkan klasifikasi triase ESI, dan mengirim hasil triase ke dokter atau eskalasi IGD.",Clinical,Triage,Triage Patient Identification,Assigned Patient,Update,Staff,Select patient and initiate triage session (IN_TRIAGE),Patient called to triage desk,Card click selectTriagePatient(visitId) triggering TriageService.startTriage(),High,Mengubah status kunjungan menjadi IN_TRIAGE dan mencatat timestamp triageStartedAt.
Perawat,"Mengelola antrian triase, melakukan pemeriksaan tanda vital dan skrining awal, serta merutekan pasien ke poliklinik tujuan.","Memantau dan memanggil antrian triase stasiun, mengidentifikasi pasien, melakukan pengukuran tanda vital (TTV) dan penghitungan BMI, melakukan asesmen skrining awal (keluhan, risiko jatuh, skor nyeri, alergi), menetapkan klasifikasi triase ESI, dan mengirim hasil triase ke dokter atau eskalasi IGD.",Clinical,Triage,Vital Signs Form (TTV),Assigned Patient,Create,Staff,Measure and record systolic and diastolic blood pressure,Triage session active (IN_TRIAGE),"Triage Form, input #vitals-systolic & #vitals-diastolic",High,Satuan pengukuran mmHg dengan batasan nilai fisiologis wajar.
Perawat,"Mengelola antrian triase, melakukan pemeriksaan tanda vital dan skrining awal, serta merutekan pasien ke poliklinik tujuan.","Memantau dan memanggil antrian triase stasiun, mengidentifikasi pasien, melakukan pengukuran tanda vital (TTV) dan penghitungan BMI, melakukan asesmen skrining awal (keluhan, risiko jatuh, skor nyeri, alergi), menetapkan klasifikasi triase ESI, dan mengirim hasil triase ke dokter atau eskalasi IGD.",Clinical,Triage,Vital Signs Form (TTV),Assigned Patient,Create,Staff,Measure and record patient pulse rate,Triage session active (IN_TRIAGE),"Triage Form, input #vitals-pulse",High,Satuan pengukuran detak nadi per menit (bpm).
Perawat,"Mengelola antrian triase, melakukan pemeriksaan tanda vital dan skrining awal, serta merutekan pasien ke poliklinik tujuan.","Memantau dan memanggil antrian triase stasiun, mengidentifikasi pasien, melakukan pengukuran tanda vital (TTV) dan penghitungan BMI, melakukan asesmen skrining awal (keluhan, risiko jatuh, skor nyeri, alergi), menetapkan klasifikasi triase ESI, dan mengirim hasil triase ke dokter atau eskalasi IGD.",Clinical,Triage,Vital Signs Form (TTV),Assigned Patient,Create,Staff,Measure and record body temperature,Triage session active (IN_TRIAGE),"Triage Form, input #vitals-temperature",High,Satuan pengukuran derajat Celcius (°C) dengan angka desimal.
Perawat,"Mengelola antrian triase, melakukan pemeriksaan tanda vital dan skrining awal, serta merutekan pasien ke poliklinik tujuan.","Memantau dan memanggil antrian triase stasiun, mengidentifikasi pasien, melakukan pengukuran tanda vital (TTV) dan penghitungan BMI, melakukan asesmen skrining awal (keluhan, risiko jatuh, skor nyeri, alergi), menetapkan klasifikasi triase ESI, dan mengirim hasil triase ke dokter atau eskalasi IGD.",Clinical,Triage,Vital Signs Form (TTV),Assigned Patient,Create,Staff,Measure and record respiratory rate and oxygen saturation (SpO2),Triage session active (IN_TRIAGE),"Triage Form, input #vitals-rr & #vitals-spo2",High,Laju pernapasan per menit dan persentase saturasi oksigen perifer.
Perawat,"Mengelola antrian triase, melakukan pemeriksaan tanda vital dan skrining awal, serta merutekan pasien ke poliklinik tujuan.","Memantau dan memanggil antrian triase stasiun, mengidentifikasi pasien, melakukan pengukuran tanda vital (TTV) dan penghitungan BMI, melakukan asesmen skrining awal (keluhan, risiko jatuh, skor nyeri, alergi), menetapkan klasifikasi triase ESI, dan mengirim hasil triase ke dokter atau eskalasi IGD.",Clinical,Triage,Vital Signs Form (TTV),Assigned Patient,Create,Staff,Record anthropometric measurements and calculate BMI status,Triage session active (IN_TRIAGE),"Triage Form, input #vitals-height & #vitals-weight, TriageService.calculateBmi()",High,"Sistem menghitung nilai BMI dan status kategori (Underweight, Normal, Overweight, Obesitas) secara otomatis."
Perawat,"Mengelola antrian triase, melakukan pemeriksaan tanda vital dan skrining awal, serta merutekan pasien ke poliklinik tujuan.","Memantau dan memanggil antrian triase stasiun, mengidentifikasi pasien, melakukan pengukuran tanda vital (TTV) dan penghitungan BMI, melakukan asesmen skrining awal (keluhan, risiko jatuh, skor nyeri, alergi), menetapkan klasifikasi triase ESI, dan mengirim hasil triase ke dokter atau eskalasi IGD.",Clinical,Triage,Early Screening & Fall Risk,Assigned Patient,Create,Staff,Record patient chief complaint during nurse screening,Triage session active (IN_TRIAGE),"Triage Form, textarea #triage-complaint",High,Mendokumentasikan keluhan utama yang disampaikan pasien saat proses triase keperawatan.
Perawat,"Mengelola antrian triase, melakukan pemeriksaan tanda vital dan skrining awal, serta merutekan pasien ke poliklinik tujuan.","Memantau dan memanggil antrian triase stasiun, mengidentifikasi pasien, melakukan pengukuran tanda vital (TTV) dan penghitungan BMI, melakukan asesmen skrining awal (keluhan, risiko jatuh, skor nyeri, alergi), menetapkan klasifikasi triase ESI, dan mengirim hasil triase ke dokter atau eskalasi IGD.",Clinical,Triage,Early Screening & Fall Risk,Assigned Patient,Evaluate,Staff,"Assess patient fall risk level (Rendah, Sedang, Tinggi)",Triage session active (IN_TRIAGE),"Triage Form, select #triage-fall-risk",High,Penilaian standar keselamatan pasien rawat jalan terhadap risiko jatuh.
Perawat,"Mengelola antrian triase, melakukan pemeriksaan tanda vital dan skrining awal, serta merutekan pasien ke poliklinik tujuan.","Memantau dan memanggil antrian triase stasiun, mengidentifikasi pasien, melakukan pengukuran tanda vital (TTV) dan penghitungan BMI, melakukan asesmen skrining awal (keluhan, risiko jatuh, skor nyeri, alergi), menetapkan klasifikasi triase ESI, dan mengirim hasil triase ke dokter atau eskalasi IGD.",Clinical,Triage,Early Screening & Fall Risk,Assigned Patient,Evaluate,Staff,Measure and record pain score using Visual Analogue Scale (0-10),Triage session active (IN_TRIAGE),"Triage Form, input #triage-pain",High,Pengukuran skala nyeri pasien dari 0 (tidak nyeri) hingga 10 (nyeri berat tak tertahankan).
Perawat,"Mengelola antrian triase, melakukan pemeriksaan tanda vital dan skrining awal, serta merutekan pasien ke poliklinik tujuan.","Memantau dan memanggil antrian triase stasiun, mengidentifikasi pasien, melakukan pengukuran tanda vital (TTV) dan penghitungan BMI, melakukan asesmen skrining awal (keluhan, risiko jatuh, skor nyeri, alergi), menetapkan klasifikasi triase ESI, dan mengirim hasil triase ke dokter atau eskalasi IGD.",Clinical,Triage,Early Screening & Fall Risk,Assigned Patient,Create,Staff,Identify and document drug and food allergies,Triage session active (IN_TRIAGE),"Triage Form, input #triage-allergies",High,Mencatat riwayat alergi yang akan dimunculkan sebagai peringatan keselamatan pada workstation dokter.
Perawat,"Mengelola antrian triase, melakukan pemeriksaan tanda vital dan skrining awal, serta merutekan pasien ke poliklinik tujuan.","Memantau dan memanggil antrian triase stasiun, mengidentifikasi pasien, melakukan pengukuran tanda vital (TTV) dan penghitungan BMI, melakukan asesmen skrining awal (keluhan, risiko jatuh, skor nyeri, alergi), menetapkan klasifikasi triase ESI, dan mengirim hasil triase ke dokter atau eskalasi IGD.",Clinical,Triage,Triage ESI Classification,Assigned Patient,Classify,Staff,"Determine triage classification outcome (Normal, Perlu Perhatian, Perlu Eskalasi)",Vital signs and screening completed,"Triage Form, select #triage-outcome",High,"Menetapkan kategori triase Emergency Severity Index (Hijau/Normal, Kuning/Perhatian, Merah/Eskalasi)."
Perawat,"Mengelola antrian triase, melakukan pemeriksaan tanda vital dan skrining awal, serta merutekan pasien ke poliklinik tujuan.","Memantau dan memanggil antrian triase stasiun, mengidentifikasi pasien, melakukan pengukuran tanda vital (TTV) dan penghitungan BMI, melakukan asesmen skrining awal (keluhan, risiko jatuh, skor nyeri, alergi), menetapkan klasifikasi triase ESI, dan mengirim hasil triase ke dokter atau eskalasi IGD.",Clinical,Triage,Clinic Routing from Triage,Assigned Patient,Submit,Verification,"Save vital signs, complete triage assessment, and advance visit status to WAITING_DOCTOR or ESCALATED",Vital signs and mandatory triage fields populated,"Triage Form, submit button & handleTriageSubmit(), TriageService.saveTriageAndVitals()",High,"Memfinalisasi triase keperawatan, mencatat triageCompletedAt, dan memindahkan pasien ke antrian dokter spesialis."
Dokter,"Melakukan pemeriksaan klinis, anamnesis, pemeriksaan fisik, menegakkan diagnosis ICD-10, membuat order penunjang/resep, dan memfinalisasi encounter.","Mengelola antrian konsultasi dokter (My Queue), memanggil pasien, meninjau ringkasan rekam medis dan TTV, menyusun dokumentasi SOAP, menetapkan diagnosis ICD-10, membuat permintaan tes laboratorium dan prosedur, menyusun e-resep formularium, menerbitkan resume medis, dan menyelesaikan (submit) encounter.",Clinical,Consultation,Doctor My Queue,Own Polyclinic,Read,Staff,Filter consultation queue specifically for logged-in practitioner and polyclinic,Doctor login active,"Doctor Workspace, Practitioner & Room Selector (#handleDoctorPractitionerChange, #handleDoctorDeptChange)",High,Membatasi antrian hanya untuk pasien yang terdaftar pada jadwal praktik dokter yang bersangkutan (DPJP).
Dokter,"Melakukan pemeriksaan klinis, anamnesis, pemeriksaan fisik, menegakkan diagnosis ICD-10, membuat order penunjang/resep, dan memfinalisasi encounter.","Mengelola antrian konsultasi dokter (My Queue), memanggil pasien, meninjau ringkasan rekam medis dan TTV, menyusun dokumentasi SOAP, menetapkan diagnosis ICD-10, membuat permintaan tes laboratorium dan prosedur, menyusun e-resep formularium, menerbitkan resume medis, dan menyelesaikan (submit) encounter.",Clinical,Consultation,Doctor My Queue,Assigned Queue,Read,Staff,View list of patients waiting for doctor examination,"Patient status WAITING_DOCTOR, IN_SERVICE, or WAITING_RESULTS","Doctor Workspace, Antrian Pasien Dokter (#doctorQueue)",High,Menampilkan pasien yang telah selesai ditriase oleh perawat dan siap memasuki ruang konsultasi.
Dokter,"Melakukan pemeriksaan klinis, anamnesis, pemeriksaan fisik, menegakkan diagnosis ICD-10, membuat order penunjang/resep, dan memfinalisasi encounter.","Mengelola antrian konsultasi dokter (My Queue), memanggil pasien, meninjau ringkasan rekam medis dan TTV, menyusun dokumentasi SOAP, menetapkan diagnosis ICD-10, membuat permintaan tes laboratorium dan prosedur, menyusun e-resep formularium, menerbitkan resume medis, dan menyelesaikan (submit) encounter.",Queue,Queue Management,Queue Calling (Audio Bell),Assigned Queue,Call,Staff,Announce and call patient queue ticket to doctor examination room,Patient in waiting queue,"Doctor Workspace, Header button Panggil Tiket callTicket()",High,Memanggil nomor antrian pasien secara audio bell menuju ruang praktik dokter spesialis.
Dokter,"Melakukan pemeriksaan klinis, anamnesis, pemeriksaan fisik, menegakkan diagnosis ICD-10, membuat order penunjang/resep, dan memfinalisasi encounter.","Mengelola antrian konsultasi dokter (My Queue), memanggil pasien, meninjau ringkasan rekam medis dan TTV, menyusun dokumentasi SOAP, menetapkan diagnosis ICD-10, membuat permintaan tes laboratorium dan prosedur, menyusun e-resep formularium, menerbitkan resume medis, dan menyelesaikan (submit) encounter.",Clinical,Consultation,Doctor Consultation Workstation,Current Patient,Update,Staff,Open patient encounter and transition visit status to IN_SERVICE,Patient entered doctor examination room,Card click selectDoctorVisit(visitId) triggering DoctorService.startService(),High,Mencatat waktu awal konsultasi dokter (serviceStartedAt) dan mengaktifkan form rekam medis SOAP.
Dokter,"Melakukan pemeriksaan klinis, anamnesis, pemeriksaan fisik, menegakkan diagnosis ICD-10, membuat order penunjang/resep, dan memfinalisasi encounter.","Mengelola antrian konsultasi dokter (My Queue), memanggil pasien, meninjau ringkasan rekam medis dan TTV, menyusun dokumentasi SOAP, menetapkan diagnosis ICD-10, membuat permintaan tes laboratorium dan prosedur, menyusun e-resep formularium, menerbitkan resume medis, dan menyelesaikan (submit) encounter.",Clinical,Consultation,Patient Summary Chart,Current Patient,Read,Staff,"Review patient demographics, recent vitals recorded by nurse, and allergy flags",Consultation session active,"Doctor Workspace, Sticky Patient Banner (TTV Terakhir & Alergi display)",High,Menampilkan ringkasan tanda vital dan riwayat alergi untuk keselamatan pasien sebelum peresepan terapi.
Dokter,"Melakukan pemeriksaan klinis, anamnesis, pemeriksaan fisik, menegakkan diagnosis ICD-10, membuat order penunjang/resep, dan memfinalisasi encounter.","Mengelola antrian konsultasi dokter (My Queue), memanggil pasien, meninjau ringkasan rekam medis dan TTV, menyusun dokumentasi SOAP, menetapkan diagnosis ICD-10, membuat permintaan tes laboratorium dan prosedur, menyusun e-resep formularium, menerbitkan resume medis, dan menyelesaikan (submit) encounter.",Clinical,Consultation,Anamnesis (Subjective) Form,Current Encounter,Create,Staff,Document subjective clinical anamnesis and history of present illness,Consultation session active,"Doctor Workspace, textarea #doctor-soap-s",High,Bagian S dari format SOAP mendokumentasikan keluhan utama dan riwayat penyakit sekarang secara mendalam.
Dokter,"Melakukan pemeriksaan klinis, anamnesis, pemeriksaan fisik, menegakkan diagnosis ICD-10, membuat order penunjang/resep, dan memfinalisasi encounter.","Mengelola antrian konsultasi dokter (My Queue), memanggil pasien, meninjau ringkasan rekam medis dan TTV, menyusun dokumentasi SOAP, menetapkan diagnosis ICD-10, membuat permintaan tes laboratorium dan prosedur, menyusun e-resep formularium, menerbitkan resume medis, dan menyelesaikan (submit) encounter.",Clinical,Physical Examination,Physical Examination (Objective) Form,Current Encounter,Create,Staff,Document physical examination findings across body systems,Consultation session active,"Doctor Workspace, textarea #doctor-soap-o",High,Bagian O dari format SOAP mencatat temuan pemeriksaan fisik obyektif oleh dokter pemeriksa.
Dokter,"Melakukan pemeriksaan klinis, anamnesis, pemeriksaan fisik, menegakkan diagnosis ICD-10, membuat order penunjang/resep, dan memfinalisasi encounter.","Mengelola antrian konsultasi dokter (My Queue), memanggil pasien, meninjau ringkasan rekam medis dan TTV, menyusun dokumentasi SOAP, menetapkan diagnosis ICD-10, membuat permintaan tes laboratorium dan prosedur, menyusun e-resep formularium, menerbitkan resume medis, dan menyelesaikan (submit) encounter.",Clinical,Diagnosis,ICD-10 Diagnosis Assessment,Current Encounter,Diagnose,Staff,Select and assign official primary ICD-10 diagnosis code,Anamnesis and physical examination conducted,"Doctor Workspace, select #doctor-icd10",High,"Bagian A dari format SOAP terhubung ke master standar klasifikasi penyakit ICD-10 (misal I10, E11.9, J06.9)."
Dokter,"Melakukan pemeriksaan klinis, anamnesis, pemeriksaan fisik, menegakkan diagnosis ICD-10, membuat order penunjang/resep, dan memfinalisasi encounter.","Mengelola antrian konsultasi dokter (My Queue), memanggil pasien, meninjau ringkasan rekam medis dan TTV, menyusun dokumentasi SOAP, menetapkan diagnosis ICD-10, membuat permintaan tes laboratorium dan prosedur, menyusun e-resep formularium, menerbitkan resume medis, dan menyelesaikan (submit) encounter.",Clinical,Consultation,Patient Education & Plan Form,Current Encounter,Create,Staff,"Formulate therapeutic plan, dietary advice, and follow-up instructions",Diagnosis established,"Doctor Workspace, textarea #doctor-soap-p",High,"Bagian P dari format SOAP mencatat instruksi terapi, anjuran gaya hidup, dan jadwal rencana kontrol."
Dokter,"Melakukan pemeriksaan klinis, anamnesis, pemeriksaan fisik, menegakkan diagnosis ICD-10, membuat order penunjang/resep, dan memfinalisasi encounter.","Mengelola antrian konsultasi dokter (My Queue), memanggil pasien, meninjau ringkasan rekam medis dan TTV, menyusun dokumentasi SOAP, menetapkan diagnosis ICD-10, membuat permintaan tes laboratorium dan prosedur, menyusun e-resep formularium, menerbitkan resume medis, dan menyelesaikan (submit) encounter.",Clinical,Medical Order,Laboratory Examination Order,Current Encounter,Order,Staff,Order diagnostic laboratory test for patologi klinik,Diagnostic indication present during encounter,"Doctor Workspace, select #doctor-lab-select & Lab Order Panel",High,Menerbitkan permintaan pemeriksaan laboratorium yang langsung masuk ke antrian kerja Analis Lab.
Dokter,"Melakukan pemeriksaan klinis, anamnesis, pemeriksaan fisik, menegakkan diagnosis ICD-10, membuat order penunjang/resep, dan memfinalisasi encounter.","Mengelola antrian konsultasi dokter (My Queue), memanggil pasien, meninjau ringkasan rekam medis dan TTV, menyusun dokumentasi SOAP, menetapkan diagnosis ICD-10, membuat permintaan tes laboratorium dan prosedur, menyusun e-resep formularium, menerbitkan resume medis, dan menyelesaikan (submit) encounter.",Clinical,Consultation,Laboratory Result Review,Current Encounter,Read,Staff,Review verified diagnostic laboratory results linked to current encounter,Laboratory test status is Completed,"Doctor Workspace, Lab Order Panel status display & docs/system-hierarchy.md §3.5 menu 4.5",High,Meninjau hasil pemeriksaan laboratorium yang telah divalidasi oleh Analis Lab untuk penegakan diagnosis lanjutan.
Dokter,"Melakukan pemeriksaan klinis, anamnesis, pemeriksaan fisik, menegakkan diagnosis ICD-10, membuat order penunjang/resep, dan memfinalisasi encounter.","Mengelola antrian konsultasi dokter (My Queue), memanggil pasien, meninjau ringkasan rekam medis dan TTV, menyusun dokumentasi SOAP, menetapkan diagnosis ICD-10, membuat permintaan tes laboratorium dan prosedur, menyusun e-resep formularium, menerbitkan resume medis, dan menyelesaikan (submit) encounter.",Clinical,Medical Order,Clinical Procedure Order,Current Encounter,Order,Staff,Order outpatient medical procedure and clinical intervention,Clinical procedure indicated during encounter,"Doctor Workspace, Encounter Procedures Table & docs/system-hierarchy.md §3.4 menu 3.8.2",High,"Mencatat tindakan medis (seperti konsultasi spesialis, EKG, rawat luka) yang menjadi bagian charge tagihan."
Dokter,"Melakukan pemeriksaan klinis, anamnesis, pemeriksaan fisik, menegakkan diagnosis ICD-10, membuat order penunjang/resep, dan memfinalisasi encounter.","Mengelola antrian konsultasi dokter (My Queue), memanggil pasien, meninjau ringkasan rekam medis dan TTV, menyusun dokumentasi SOAP, menetapkan diagnosis ICD-10, membuat permintaan tes laboratorium dan prosedur, menyusun e-resep formularium, menerbitkan resume medis, dan menyelesaikan (submit) encounter.",Clinical,Prescription,E-Prescription Order,Current Encounter,Prescribe,Staff,Prescribe formulary medications with dosage and quantity,Clinical assessment completed,"Doctor Workspace, select #doctor-med-select & E-Resep Panel",High,Meresepkan obat formularium elektronik dengan aturan pakai yang langsung diteruskan ke Apoteker.
Dokter,"Melakukan pemeriksaan klinis, anamnesis, pemeriksaan fisik, menegakkan diagnosis ICD-10, membuat order penunjang/resep, dan memfinalisasi encounter.","Mengelola antrian konsultasi dokter (My Queue), memanggil pasien, meninjau ringkasan rekam medis dan TTV, menyusun dokumentasi SOAP, menetapkan diagnosis ICD-10, membuat permintaan tes laboratorium dan prosedur, menyusun e-resep formularium, menerbitkan resume medis, dan menyelesaikan (submit) encounter.",Clinical,Consultation,Doctor Consultation Workstation,Current Encounter,Update,Staff,Save current SOAP and orders as draft without final locking,Encounter in progress,"Doctor Workspace, Button Simpan Draft (#handleDoctorSaveEncounter(visitId, false))",High,Menyimpan catatan rekam medis dalam status draft ketika pemeriksaan masih memerlukan waktu observasi.
Dokter,"Melakukan pemeriksaan klinis, anamnesis, pemeriksaan fisik, menegakkan diagnosis ICD-10, membuat order penunjang/resep, dan memfinalisasi encounter.","Mengelola antrian konsultasi dokter (My Queue), memanggil pasien, meninjau ringkasan rekam medis dan TTV, menyusun dokumentasi SOAP, menetapkan diagnosis ICD-10, membuat permintaan tes laboratorium dan prosedur, menyusun e-resep formularium, menerbitkan resume medis, dan menyelesaikan (submit) encounter.",Clinical,Encounter Finalization,Encounter Checklist & Finalization,Current Encounter,Finalize,Finalization,"Validate completeness checklist, lock encounter, advance visit to SERVICE_COMPLETED, and trigger pharmacy and cashier queue","Subjective, Objective, ICD-10 Diagnosis, and Plan completed","Doctor Workspace, Button Finalisasi Encounter (#handleDoctorSaveEncounter(visitId, true)), DoctorService.saveEncounter()",High,"Mengunci rekam medis klinis (submit), memicu penerbitan tiket Farmasi (F) jika ada resep, dan tiket Kasir (K)."
Dokter,"Melakukan pemeriksaan klinis, anamnesis, pemeriksaan fisik, menegakkan diagnosis ICD-10, membuat order penunjang/resep, dan memfinalisasi encounter.","Mengelola antrian konsultasi dokter (My Queue), memanggil pasien, meninjau ringkasan rekam medis dan TTV, menyusun dokumentasi SOAP, menetapkan diagnosis ICD-10, membuat permintaan tes laboratorium dan prosedur, menyusun e-resep formularium, menerbitkan resume medis, dan menyelesaikan (submit) encounter.",Medical Record,Medical Resume,Medical Resume Preview & Print,Current Patient,Print,Staff,Generate and print official 11-element outpatient medical resume,Encounter finalized or active,"Doctor Workspace, Header button Resume Medis & printResumeMedis(visitId)",High,Mencetak dokumen resume medis rawat jalan resmi yang memuat 11 elemen standar Permenkes RI.
Apoteker,"Melakukan telaah resep 7-benar, penyiapan dan peracikan obat (dispensing), dan penyerahan obat beserta edukasi KIE ke pasien.","Memantau daftar antrian e-resep masuk dari dokter poliklinik, memverifikasi kesesuaian resep (telaah klinis dan administratif 7-benar), melakukan dispensing obat dari persediaan farmasi, memanggil nomor antrian farmasi, dan menyerahkan obat ke pasien dengan edukasi KIE.",Pharmacy,Prescription Verification,Pharmacy Workstation Filter,Pharmacy Transactions,Read,Staff,Filter incoming electronic prescriptions by originating polyclinic and prescribing physician,None,"Pharmacy Workspace, Filter Bar (#handlePharmacyDeptFilter, #handlePharmacyDocFilter)",High,"Dipisahkan dari role baseline Apoteker & Kasir Farmasi karena mockup menyediakan workspace terpisah (farmasi vs kasir), user terpisah (apoteker.dewi vs kasir.linda), dan permission/data scope yang berbeda (telaah & dispensing vs billing & payment)."
Apoteker,"Melakukan telaah resep 7-benar, penyiapan dan peracikan obat (dispensing), dan penyerahan obat beserta edukasi KIE ke pasien.","Memantau daftar antrian e-resep masuk dari dokter poliklinik, memverifikasi kesesuaian resep (telaah klinis dan administratif 7-benar), melakukan dispensing obat dari persediaan farmasi, memanggil nomor antrian farmasi, dan menyerahkan obat ke pasien dengan edukasi KIE.",Pharmacy,Prescription Verification,Prescription Inbox,Pharmacy Transactions,Read,Staff,View list of finalized electronic prescriptions requiring verification and dispensing,Visit has prescription and encounter submitted,"Pharmacy Workspace, Table Antrian Resep Elektronik Dokter (#allPharmacyVisits)",High,"Menampilkan daftar resep yang masuk dari dokter poliklinik beserta rincian nama obat, dosis, dan kuantitas."
Apoteker,"Melakukan telaah resep 7-benar, penyiapan dan peracikan obat (dispensing), dan penyerahan obat beserta edukasi KIE ke pasien.","Memantau daftar antrian e-resep masuk dari dokter poliklinik, memverifikasi kesesuaian resep (telaah klinis dan administratif 7-benar), melakukan dispensing obat dari persediaan farmasi, memanggil nomor antrian farmasi, dan menyerahkan obat ke pasien dengan edukasi KIE.",Queue,Queue Management,Queue Calling (Audio Bell),Assigned Queue,Call,Staff,Call patient pharmacy queue ticket to medicine pick-up counter,Prescription ready or patient called for clarification,"Pharmacy Workspace, Action button callTicket(pharmacyTicket, 'Loket Pengambilan Obat Farmasi')",High,Memanggil nomor antrian farmasi (F-xxx) secara audio menuju loket penyerahan obat.
Apoteker,"Melakukan telaah resep 7-benar, penyiapan dan peracikan obat (dispensing), dan penyerahan obat beserta edukasi KIE ke pasien.","Memantau daftar antrian e-resep masuk dari dokter poliklinik, memverifikasi kesesuaian resep (telaah klinis dan administratif 7-benar), melakukan dispensing obat dari persediaan farmasi, memanggil nomor antrian farmasi, dan menyerahkan obat ke pasien dengan edukasi KIE.",Pharmacy,Prescription Verification,Prescription 7-Benar Review,Current Patient,Verify,Verification,"Verify patient identity, drug name, dosage, frequency, route, time, and documentation against medical indications",Prescription received in pharmacy inbox,"Pharmacy Workspace, Table column Status Telaah & Top Service Tab tab-ph-review (Telaah 7 Benar)",High,Apoteker dilarang mengubah isi resep secara sepihak; apabila ada ketidaksesuaian wajib melakukan klarifikasi ke dokter.
Apoteker,"Melakukan telaah resep 7-benar, penyiapan dan peracikan obat (dispensing), dan penyerahan obat beserta edukasi KIE ke pasien.","Memantau daftar antrian e-resep masuk dari dokter poliklinik, memverifikasi kesesuaian resep (telaah klinis dan administratif 7-benar), melakukan dispensing obat dari persediaan farmasi, memanggil nomor antrian farmasi, dan menyerahkan obat ke pasien dengan edukasi KIE.",Pharmacy,Dispensing,Medication Dispensing & Preparation,Current Patient,Dispense,Staff,"Prepare, pack, label medications, and record stock deduction",Prescription verification passed,"Pharmacy Workspace, Button Dispense & Serahkan (#handlePharmacyDispense), PharmacyService.dispenseMedications()",High,Menyiapkan obat dan memotong saldo persediaan farmasi secara otomatis di sistem.
Apoteker,"Melakukan telaah resep 7-benar, penyiapan dan peracikan obat (dispensing), dan penyerahan obat beserta edukasi KIE ke pasien.","Memantau daftar antrian e-resep masuk dari dokter poliklinik, memverifikasi kesesuaian resep (telaah klinis dan administratif 7-benar), melakukan dispensing obat dari persediaan farmasi, memanggil nomor antrian farmasi, dan menyerahkan obat ke pasien dengan edukasi KIE.",Pharmacy,Medication Handover,Medication Handover & Education (KIE),Current Patient,Submit,Final Approval,"Hand over prepared medication to patient, record pharmacist notes, and mark pharmacyStatus as Dispensed",Medication successfully dispensed,"Pharmacy Workspace, Status badge Diserahkan & Top Service Tab tab-ph-handover (Penyerahan & KIE)",High,Menyerahkan obat disertai edukasi cara pemakaian dan memperbarui pharmacyStatus menjadi Dispensed.
Kasir Farmasi,"Mengelola agregasi tagihan rawat jalan (jasa konsultasi, tindakan, penunjang lab, obat farmasi, administrasi), memverifikasi penjamin, memproses pembayaran, dan mencetak kwitansi resmi.","Memantau antrian pasien yang siap bayar (SERVICE_COMPLETED), memanggil nomor antrian kasir, menghitung rincian tagihan (subtotal, tanggungan penjamin, dan biaya yang harus dibayar mandiri oleh pasien), memproses transaksi penerimaan kas atau QRIS, dan menerbitkan kwitansi lunas resmi rumah sakit.",Billing,Billing Aggregation,Cashier Workstation Filter,Outpatient-wide,Read,Staff,"Filter patient billing queue by originating polyclinic and payer type (BPJS, Umum, Asuransi)",None,"Kasir Workspace, Filter Bar (#handleKasirDeptFilter, #handleKasirPayerFilter)",High,Memfilter daftar tagihan kasir berdasarkan poliklinik asal pasien dan jenis penjamin.
Kasir Farmasi,"Mengelola agregasi tagihan rawat jalan (jasa konsultasi, tindakan, penunjang lab, obat farmasi, administrasi), memverifikasi penjamin, memproses pembayaran, dan mencetak kwitansi resmi.","Memantau antrian pasien yang siap bayar (SERVICE_COMPLETED), memanggil nomor antrian kasir, menghitung rincian tagihan (subtotal, tanggungan penjamin, dan biaya yang harus dibayar mandiri oleh pasien), memproses transaksi penerimaan kas atau QRIS, dan menerbitkan kwitansi lunas resmi rumah sakit.",Billing,Billing Aggregation,Billing Patient Queue,Outpatient-wide,Read,Staff,View list of visits with completed clinical service awaiting settlement,Visit status SERVICE_COMPLETED or billingStatus Paid,"Kasir Workspace, Tagihan Kunjungan Rawat Jalan table (#readyForBilling)",High,"Menampilkan nomor tiket kasir (K-xxx), identitas pasien, penjamin, dan status pelunasan."
Kasir Farmasi,"Mengelola agregasi tagihan rawat jalan (jasa konsultasi, tindakan, penunjang lab, obat farmasi, administrasi), memverifikasi penjamin, memproses pembayaran, dan mencetak kwitansi resmi.","Memantau antrian pasien yang siap bayar (SERVICE_COMPLETED), memanggil nomor antrian kasir, menghitung rincian tagihan (subtotal, tanggungan penjamin, dan biaya yang harus dibayar mandiri oleh pasien), memproses transaksi penerimaan kas atau QRIS, dan menerbitkan kwitansi lunas resmi rumah sakit.",Queue,Queue Management,Queue Calling (Audio Bell),Assigned Queue,Call,Staff,Call patient cashier queue ticket to payment counter,Ticket in active billing queue,"Kasir Workspace, Action button callTicket(cashierTicket, 'Loket Pembayaran Kasir')",High,Mengumumkan panggilan nomor antrian kasir secara audio bell menuju loket kasir dan pembayaran.
Kasir Farmasi,"Mengelola agregasi tagihan rawat jalan (jasa konsultasi, tindakan, penunjang lab, obat farmasi, administrasi), memverifikasi penjamin, memproses pembayaran, dan mencetak kwitansi resmi.","Memantau antrian pasien yang siap bayar (SERVICE_COMPLETED), memanggil nomor antrian kasir, menghitung rincian tagihan (subtotal, tanggungan penjamin, dan biaya yang harus dibayar mandiri oleh pasien), memproses transaksi penerimaan kas atau QRIS, dan menerbitkan kwitansi lunas resmi rumah sakit.",Billing,Billing Aggregation,Billing Aggregator & Service Details,Current Patient,Read,Staff,"Calculate itemized charges from registration, triage, consultation, procedures, lab tests, and pharmacy prescriptions",Patient visit selected,"Kasir Workspace, Table columns Subtotal, Ditanggung, Bayar Mandiri & BillingService.aggregateInvoice()",High,Kasir tidak boleh mengarang tindakan medis; rincian tagihan dihimpun otomatis dari service transaction riil.
Kasir Farmasi,"Mengelola agregasi tagihan rawat jalan (jasa konsultasi, tindakan, penunjang lab, obat farmasi, administrasi), memverifikasi penjamin, memproses pembayaran, dan mencetak kwitansi resmi.","Memantau antrian pasien yang siap bayar (SERVICE_COMPLETED), memanggil nomor antrian kasir, menghitung rincian tagihan (subtotal, tanggungan penjamin, dan biaya yang harus dibayar mandiri oleh pasien), memproses transaksi penerimaan kas atau QRIS, dan menerbitkan kwitansi lunas resmi rumah sakit.",Billing,Billing Aggregation,Payer Adjudication Verification,Current Patient,Verify,Verification,"Verify coverage proportion (100% BPJS, 85% Asuransi, 0% Mandiri) and calculate patient co-payment obligation",Invoice aggregated,"Kasir Workspace, Table columns Ditanggung & Bayar Mandiri, BillingService.aggregateInvoice()",High,Memverifikasi proporsi tanggungan klaim penjamin dan porsi kewajiban bayar mandiri pasien.
Kasir Farmasi,"Mengelola agregasi tagihan rawat jalan (jasa konsultasi, tindakan, penunjang lab, obat farmasi, administrasi), memverifikasi penjamin, memproses pembayaran, dan mencetak kwitansi resmi.","Memantau antrian pasien yang siap bayar (SERVICE_COMPLETED), memanggil nomor antrian kasir, menghitung rincian tagihan (subtotal, tanggungan penjamin, dan biaya yang harus dibayar mandiri oleh pasien), memproses transaksi penerimaan kas atau QRIS, dan menerbitkan kwitansi lunas resmi rumah sakit.",Billing,Payment Processing,Payment Processing Form (QRIS/Cash),Current Patient,Submit,Staff,Receive and record settlement via QRIS or cash and transition billingStatus to Paid,Patient pays designated patientPayAmount,"Kasir Workspace, Button Bayar & Kwitansi (#handleCashierPayment), BillingService.processPayment()",High,Memvalidasi pelunasan pembayaran kasir dan mencatat nama kasir penerima transaksi di sistem.
Kasir Farmasi,"Mengelola agregasi tagihan rawat jalan (jasa konsultasi, tindakan, penunjang lab, obat farmasi, administrasi), memverifikasi penjamin, memproses pembayaran, dan mencetak kwitansi resmi.","Memantau antrian pasien yang siap bayar (SERVICE_COMPLETED), memanggil nomor antrian kasir, menghitung rincian tagihan (subtotal, tanggungan penjamin, dan biaya yang harus dibayar mandiri oleh pasien), memproses transaksi penerimaan kas atau QRIS, dan menerbitkan kwitansi lunas resmi rumah sakit.",Billing,Payment Processing,Official Payment Receipt Printout,Current Patient,Print,Staff,Generate and print official numbered hospital payment receipt,Payment successfully settled (Paid),"Kasir Workspace, Button Cetak Kwitansi & printKwitansi(visitId), Modal Print Preview (#modal-print-preview)",High,Mencetak kwitansi resmi pembayaran rawat jalan bernomor (KWT-YYYY-xxxxx) dengan cap lunas.
Analis Lab,"Menerima permintaan uji laboratorium dari dokter poliklinik, memproses spesimen darah dan cairan tubuh, menginput hasil uji parameter patologi klinik, serta memvalidasi dan mencetak hasil laboratorium.","Memantau daftar order lab masuk, memeriksa status sampel dan spesimen, menginput nilai hasil pemeriksaan terhadap nilai rujukan normal, melakukan validasi hasil uji, dan merilis hasil uji untuk diakses dokter poliklinik.",Laboratory,Laboratory Order,Laboratory Worklist & Sample Queue,Laboratory Orders,Read,Staff,View list of laboratory diagnostic orders requested by outpatient polyclinics,None,"Lab Workspace, Table Permintaan Tes Laboratorium dari Dokter Poliklinik (#labOrders)",High,"Menampilkan nama pasien, nomor RM, nama pemeriksaan (Darah Lengkap, Profil Lipid, GDS), dan dokter pengirim."
Analis Lab,"Menerima permintaan uji laboratorium dari dokter poliklinik, memproses spesimen darah dan cairan tubuh, menginput hasil uji parameter patologi klinik, serta memvalidasi dan mencetak hasil laboratorium.","Memantau daftar order lab masuk, memeriksa status sampel dan spesimen, menginput nilai hasil pemeriksaan terhadap nilai rujukan normal, melakukan validasi hasil uji, dan merilis hasil uji untuk diakses dokter poliklinik.",Laboratory,Laboratory Examination,Sample Collection & Specimen Receipt,Laboratory Orders,Update,Staff,Acknowledge order receipt and verify specimen collection status,Order status Pending,"Lab Workspace, Status chip Menunggu Sampel / Selesai",High,Mengidentifikasi status pengambilan sampel darah atau spesimen biologis sebelum pengujian analitik dilakukan.
Analis Lab,"Menerima permintaan uji laboratorium dari dokter poliklinik, memproses spesimen darah dan cairan tubuh, menginput hasil uji parameter patologi klinik, serta memvalidasi dan mencetak hasil laboratorium.","Memantau daftar order lab masuk, memeriksa status sampel dan spesimen, menginput nilai hasil pemeriksaan terhadap nilai rujukan normal, melakukan validasi hasil uji, dan merilis hasil uji untuk diakses dokter poliklinik.",Laboratory,Laboratory Result,Laboratory Result Entry Form,Laboratory Orders,Create,Staff,Input numeric or qualitative test parameter values against biological reference ranges,Specimen ready for analysis,"Lab Workspace, Button Input Hasil (#openLabInputModal), LabService.submitLabResult()",High,"Menginput nilai hasil uji laboratorium (Hb, Leukosit, Trombosit, Kolesterol, dll.) sesuai pengukuran instrumen analizer."
Analis Lab,"Menerima permintaan uji laboratorium dari dokter poliklinik, memproses spesimen darah dan cairan tubuh, menginput hasil uji parameter patologi klinik, serta memvalidasi dan mencetak hasil laboratorium.","Memantau daftar order lab masuk, memeriksa status sampel dan spesimen, menginput nilai hasil pemeriksaan terhadap nilai rujukan normal, melakukan validasi hasil uji, dan merilis hasil uji untuk diakses dokter poliklinik.",Laboratory,Laboratory Result,Laboratory Result Validation & Release,Laboratory Orders,Validate,Final Approval,"Review result validity, mark test order as Completed, and release result to medical record",Parameter values fully entered,"LabService.submitLabResult(visitId, orderIndex, results, normalSummary) setting status Completed",High,Validasi akhir hasil uji laboratorium agar nilai hasil dapat langsung ditinjau oleh dokter pada workstation poli.
Analis Lab,"Menerima permintaan uji laboratorium dari dokter poliklinik, memproses spesimen darah dan cairan tubuh, menginput hasil uji parameter patologi klinik, serta memvalidasi dan mencetak hasil laboratorium.","Memantau daftar order lab masuk, memeriksa status sampel dan spesimen, menginput nilai hasil pemeriksaan terhadap nilai rujukan normal, melakukan validasi hasil uji, dan merilis hasil uji untuk diakses dokter poliklinik.",Laboratory,Laboratory Result,Laboratory Result Printout,Laboratory Orders,Print,Staff,Preview and print official laboratory test result certificate,Order status Completed,"Lab Workspace, Button Lihat Hasil & printHasilLab(visitId, orderIndex)",High,"Mencetak sertifikat hasil uji laboratorium resmi yang mencantumkan nilai parameter, satuan, dan rentang normal."
Supervisor Rawat Jalan,"Memantau operasional pelayanan rawat jalan secara menyeluruh, memantau SLA waktu tunggu pasien, serta melakukan intervensi atau override administratif pada status kunjungan.","Memantau KPI kinerja rawat jalan (rata-rata waktu tunggu, jumlah pasien aktif, kunjungan selesai, kepatuhan SLA), menelusuri timeline perjalanan pasien, mengidentifikasi hambatan antrian, dan melakukan tindakan override atau batal status kunjungan jika terjadi kesalahan operasional.",Monitoring,Outpatient Monitoring,SLA & Operational Dashboard,Outpatient-wide,Read,Review,Monitor outpatient key performance indicators including average wait time and SLA compliance rate,Supervisor login active,"Monitoring Workspace, KPI Metrics Cards Grid (Waktu Tunggu, Pasien Aktif, Kunjungan Selesai, SLA 96.8%)",High,Memantau standar pelayanan mutu rawat jalan terhadap target waktu tunggu Kemenkes RI (< 60 menit).
Supervisor Rawat Jalan,"Memantau operasional pelayanan rawat jalan secara menyeluruh, memantau SLA waktu tunggu pasien, serta melakukan intervensi atau override administratif pada status kunjungan.","Memantau KPI kinerja rawat jalan (rata-rata waktu tunggu, jumlah pasien aktif, kunjungan selesai, kepatuhan SLA), menelusuri timeline perjalanan pasien, mengidentifikasi hambatan antrian, dan melakukan tindakan override atau batal status kunjungan jika terjadi kesalahan operasional.",Monitoring,Outpatient Monitoring,Patient Flow Timeline & Workload Monitor,Outpatient-wide,Read,Review,"Track detailed patient journey timestamps across admission, triage, doctor, and pharmacy",Outpatient visits active,"Monitoring Workspace, Timeline Perjalanan Pasien Hari Ini",High,"Melacak durasi setiap tahapan kunjungan pasien (waktu daftar, selesai triase, mulai dokter) untuk evaluasi bottleneck."
Supervisor Rawat Jalan,"Memantau operasional pelayanan rawat jalan secara menyeluruh, memantau SLA waktu tunggu pasien, serta melakukan intervensi atau override administratif pada status kunjungan.","Memantau KPI kinerja rawat jalan (rata-rata waktu tunggu, jumlah pasien aktif, kunjungan selesai, kepatuhan SLA), menelusuri timeline perjalanan pasien, mengidentifikasi hambatan antrian, dan melakukan tindakan override atau batal status kunjungan jika terjadi kesalahan operasional.",Monitoring,Outpatient Monitoring,Supervisor Visit Status Override,Outpatient-wide,Approve,Approval,Force transition of stuck or mismatched visit status with recorded audit justification,Operational exception or administrative bottleneck identified,"Monitoring Workspace, Button Override Status (#handleSupervisorOverride), VisitStateService.transition()",High,Kewenangan khusus supervisor untuk mengubah status kunjungan yang tertahan menjadi CLOSED disertai alasan wajib.
Supervisor Rawat Jalan,"Memantau operasional pelayanan rawat jalan secara menyeluruh, memantau SLA waktu tunggu pasien, serta melakukan intervensi atau override administratif pada status kunjungan.","Memantau KPI kinerja rawat jalan (rata-rata waktu tunggu, jumlah pasien aktif, kunjungan selesai, kepatuhan SLA), menelusuri timeline perjalanan pasien, mengidentifikasi hambatan antrian, dan melakukan tindakan override atau batal status kunjungan jika terjadi kesalahan operasional.",Monitoring,Outpatient Monitoring,Outpatient Performance Reports,Outpatient-wide,Export,Review,Access aggregated performance summary across all outpatient polyclinics,None,Top Service Tab tab-spv-report (7.5 Laporan Kinerja) & docs/system-hierarchy.md §3.8,High,Melihat dan mengekspor rekapitulasi laporan kunjungan harian dan beban kerja per poliklinik.
Auditor Medis,"Melakukan audit independen kepatuhan rekam medis, meninjau kelengkapan dokumentasi klinis (SOAP dan resume medis), serta memantau log aktivitas dan log akses rekam medis tanpa hak mengubah data.","Melakukan peninjauan read-only terhadap timeline jejak audit (audit trail), memverifikasi kelengkapan resume medis sesuai standar akreditasi Kemenkes, memantau log akses rekam medis, dan memastikan kepatuhan regulasi perlindungan data medis tanpa mengubah data klinis.",Medical Record,Medical Audit,Audit Trail Activity Log,Read-only Audit Log,Read,Audit,Inspect immutable chronological log of all clinical and administrative actions,Auditor login active,"Audit Workspace, Log Audit Trail Sistem SIMRS Mini (#auditLogs)",High,"Akses strictly read-only ke log kronologis aktivitas sistem (petugas, role, aksi, timestamp) untuk audit kepatuhan regulasi."
Auditor Medis,"Melakukan audit independen kepatuhan rekam medis, meninjau kelengkapan dokumentasi klinis (SOAP dan resume medis), serta memantau log aktivitas dan log akses rekam medis tanpa hak mengubah data.","Melakukan peninjauan read-only terhadap timeline jejak audit (audit trail), memverifikasi kelengkapan resume medis sesuai standar akreditasi Kemenkes, memantau log akses rekam medis, dan memastikan kepatuhan regulasi perlindungan data medis tanpa mengubah data klinis.",Medical Record,Medical Audit,Medical Record Documentation Review,Read-only Medical Record,Review,Audit,"Review completeness of clinical documentation including SOAP notes, ICD-10 diagnosis, and medical resume",Finalized or archived encounter exists,Top Service Tab tab-aud-chart (Evaluasi Resume Medis) & Audit Workspace header (Strictly Read-Only ADR Hard Rule 7),High,Auditor tidak memiliki izin untuk mengedit catatan klinis rekam medis (read-only audit sesuai hard rule 7).
Auditor Medis,"Melakukan audit independen kepatuhan rekam medis, meninjau kelengkapan dokumentasi klinis (SOAP dan resume medis), serta memantau log aktivitas dan log akses rekam medis tanpa hak mengubah data.","Melakukan peninjauan read-only terhadap timeline jejak audit (audit trail), memverifikasi kelengkapan resume medis sesuai standar akreditasi Kemenkes, memantau log akses rekam medis, dan memastikan kepatuhan regulasi perlindungan data medis tanpa mengubah data klinis.",Medical Record,Medical Audit,Access Log Monitoring,Read-only Audit Log,Audit,Audit,Monitor chart access history to verify unauthorized access prevention and patient data confidentiality,None,Top Service Tab tab-aud-access (Log Akses Rekam Medis) & docs/user-role.md §4.9,High,Memantau log akses chart rekam medis pasien guna memastikan kepatuhan UU Perlindungan Data Pribadi dan standar akreditasi.
